{"rotation_matrix": [[0.9952107523995407, -0.0653613156086454, 0.07268739044873672], [-0.06367596564105905, 0.1307181014381097, 0.9893726039041585], [-0.07416825269627646, -0.9892626933117022, 0.12593011519751007]], "translation_vector": [0.14242163572170372, -0.4676771656396401, 0.06323165647679459]}