{"rotation_matrix": [[0.8680009789168109, -0.45135588688864986, -0.20700764229954915], [0.44162251665335, 0.5110840536872947, 0.7374026327938652], [-0.22703271434799738, -0.7314854430797122, 0.6429503815834141]], "translation_vector": [0.23488588975982957, 0.1099179345521181, -0.33129581075802994]}